{"stats":{"minecraft:used":{"minecraft:stone_pickaxe":46,"minecraft:bread":4,"minecraft:iron_pickaxe":6,"minecraft:oak_planks":1,"minecraft:wooden_pickaxe":13,"minecraft:stone_axe":1,"minecraft:crafting_table":2,"minecraft:furnace":1,"minecraft:cobbled_deepslate":3},"minecraft:mined":{"supplementaries:urn":2,"minecraft:deepslate_diamond_ore":1,"minecraft:iron_ore":27,"minecraft:crafting_table":1,"minecraft:grass":2,"minecraft:coal_ore":9,"minecraft:oak_log":10,"minecraft:deepslate_iron_ore":4,"minecraft:stone":13,"minecraft:oak_planks":1,"minecraft:deepslate":7},"minecraft:dropped":{"supplementaries:ash":2,"minecraft:stone_pickaxe":1,"minecraft:bone":4},"minecraft:custom":{"minecraft:time_since_rest":10542,"minecraft:interact_with_furnace":5,"minecraft:sprint_one_cm":35565,"minecraft:damage_taken":350,"minecraft:walk_one_cm":17829,"minecraft:drop":7,"minecraft:damage_dealt":336,"minecraft:interact_with_crafting_table":5,"minecraft:swim_one_cm":1139,"minecraft:fly_one_cm":70630,"minecraft:player_kills":1,"minecraft:open_chest":2,"minecraft:crouch_one_cm":3818,"minecraft:play_time":12377,"minecraft:sneak_time":1363,"minecraft:walk_under_water_one_cm":531,"minecraft:jump":346,"minecraft:time_since_death":12377,"minecraft:walk_on_water_one_cm":2499,"minecraft:sleep_in_bed":1,"minecraft:total_world_time":12377,"minecraft:fall_one_cm":12540},"minecraft:crafted":{"minecraft:oak_planks":40,"minecraft:stone_shovel":1,"minecraft:crafting_table":1,"minecraft:stick":12,"minecraft:iron_pickaxe":1,"minecraft:iron_ingot":10,"minecraft:wooden_pickaxe":1,"minecraft:stone_pickaxe":1,"minecraft:furnace":1,"minecraft:stone_axe":1,"minecraft:air":0},"minecraft:picked_up":{"minecraft:crafting_table":1,"minecraft:raw_iron":31,"minecraft:oak_log":10,"minecraft:bone":4,"minecraft:apple":3,"minecraft:diamond":1,"minecraft:cobbled_deepslate":5,"minecraft:stone_pickaxe":1,"minecraft:bread":5,"supplementaries:ash":2,"minecraft:oak_planks":1,"minecraft:coal":9,"minecraft:cobblestone":13}},"DataVersion":3465}