{"stats":{"minecraft:used":{"minecraft:flint_and_steel":2,"minecraft:shield":91,"minecraft:rotten_flesh":4,"minecraft:netherrack":5,"minecraft:iron_chestplate":3,"minecraft:nether_bricks":4,"minecraft:diamond_helmet":3,"minecraft:tuff":4,"minecraft:obsidian":2,"minecraft:wooden_axe":7,"minecraft:lava_bucket":4,"minecraft:iron_helmet":1,"minecraft:iron_boots":1,"minecraft:furnace":3,"minecraft:cobbled_deepslate":31,"minecraft:iron_leggings":2,"minecraft:water_bucket":11,"minecraft:stone_pickaxe":46,"minecraft:baked_potato":2,"minecraft:oak_planks":44,"minecraft:wooden_pickaxe":13,"minecraft:diamond_axe":82,"minecraft:crafting_table":13,"minecraft:white_bed":4,"minecraft:diamond_pickaxe":146,"minecraft:apple":9,"minecraft:diamond_shovel":5,"minecraft:bread":31,"minecraft:iron_pickaxe":26,"minecraft:gravel":34,"minecraft:stone_axe":5,"minecraft:wooden_sword":11,"minecraft:bucket":16},"minecraft:killed_by":{"minecraft:creeper":1,"minecraft:piglin":2},"minecraft:broken":{"minecraft:shield":2},"minecraft:mined":{"minecraft:nether_gold_ore":80,"minecraft:tuff":2,"minecraft:white_bed":2,"minecraft:deepslate_diamond_ore":21,"minecraft:obsidian":2,"minecraft:nether_bricks":4,"minecraft:furnace":3,"minecraft:iron_ore":27,"minecraft:cobbled_deepslate":1,"minecraft:deepslate_iron_ore":5,"minecraft:stone":13,"minecraft:crafting_table":11,"minecraft:oak_planks":3,"supplementaries:urn":11,"minecraft:grass":2,"minecraft:coal_ore":9,"minecraft:oak_log":29,"minecraft:gravel":11,"minecraft:cobweb":11,"minecraft:netherrack":21,"minecraft:deepslate":28},"minecraft:dropped":{"minecraft:soul_sand":12,"minecraft:iron_helmet":1,"minecraft:stick":1,"minecraft:torch":12,"minecraft:wooden_axe":1,"minecraft:wooden_sword":1,"minecraft:gold_nugget":1,"minecraft:iron_pickaxe":1,"minecraft:bone":20,"minecraft:nether_brick":5,"minecraft:rotten_flesh":1,"supplementaries:antique_ink":7,"supplementaries:ash":2,"minecraft:iron_chestplate":1,"minecraft:arrow":2,"minecraft:stone_pickaxe":3,"minecraft:wooden_pickaxe":2,"minecraft:quartz":9,"minecraft:netherrack":11},"minecraft:custom":{"minecraft:mob_kills":27,"minecraft:interact_with_crafting_table":21,"minecraft:leave_game":2,"minecraft:time_since_death":13171,"minecraft:sprint_one_cm":192031,"minecraft:walk_one_cm":125030,"minecraft:damage_blocked_by_shield":5865,"minecraft:drop":53,"minecraft:play_time":69366,"minecraft:deaths":4,"minecraft:sneak_time":3960,"minecraft:walk_under_water_one_cm":8542,"minecraft:jump":1759,"minecraft:walk_on_water_one_cm":37461,"minecraft:total_world_time":69366,"minecraft:interact_with_furnace":19,"minecraft:sleep_in_bed":4,"minecraft:time_since_rest":13193,"minecraft:damage_taken":3011,"minecraft:damage_dealt":4611,"minecraft:swim_one_cm":3612,"minecraft:fly_one_cm":285204,"minecraft:player_kills":1,"minecraft:open_chest":3,"minecraft:crouch_one_cm":9282,"minecraft:fall_one_cm":54836},"minecraft:killed":{"minecraft:cave_spider":2,"minecraft:skeleton":9,"minecraft:piglin":6,"minecraft:zombie":7,"minecraft:wither_skeleton":2},"minecraft:crafted":{"minecraft:wooden_sword":1,"minecraft:oak_planks":152,"minecraft:stone_shovel":1,"minecraft:furnace":1,"minecraft:diamond_shovel":1,"minecraft:flint_and_steel":1,"minecraft:diamond_helmet":1,"minecraft:iron_boots":1,"minecraft:stone_pickaxe":1,"minecraft:golden_boots":1,"minecraft:diamond_axe":1,"minecraft:crafting_table":3,"minecraft:wooden_pickaxe":1,"minecraft:baked_potato":2,"minecraft:iron_helmet":1,"minecraft:bucket":1,"minecraft:stone_axe":1,"minecraft:air":0,"minecraft:white_wool":3,"minecraft:iron_chestplate":1,"minecraft:diamond_pickaxe":1,"minecraft:shield":2,"minecraft:stick":20,"minecraft:iron_pickaxe":1,"minecraft:iron_ingot":31,"minecraft:wooden_axe":1,"minecraft:iron_leggings":1,"minecraft:gold_ingot":19,"minecraft:white_bed":1,"minecraft:diamond_chestplate":1},"minecraft:picked_up":{"minecraft:iron_chestplate":2,"minecraft:crafting_table":14,"minecraft:wooden_pickaxe":1,"minecraft:nether_brick":6,"minecraft:shield":4,"minecraft:string":15,"minecraft:flint_and_steel":2,"minecraft:iron_leggings":3,"minecraft:gold_nugget":326,"minecraft:cobbled_deepslate":33,"minecraft:iron_pickaxe":3,"supplementaries:rope":20,"minecraft:furnace":6,"minecraft:iron_boots":4,"minecraft:raw_iron":32,"minecraft:stick":6,"minecraft:torch":12,"minecraft:fire_charge":1,"minecraft:rotten_flesh":14,"minecraft:stone_shovel":1,"minecraft:arrow":6,"minecraft:diamond_chestplate":2,"minecraft:nether_bricks":4,"supplementaries:antique_ink":17,"supplementaries:ash":2,"minecraft:obsidian":3,"minecraft:skeleton_skull":3,"minecraft:cobblestone":13,"minecraft:water_bucket":3,"minecraft:leather":3,"minecraft:potato":2,"minecraft:flint":1,"minecraft:tuff":4,"minecraft:oak_log":38,"minecraft:name_tag":2,"minecraft:bone":40,"minecraft:apple":6,"minecraft:raw_gold":27,"minecraft:iron_ingot":7,"minecraft:stone_pickaxe":2,"minecraft:diamond_helmet":2,"minecraft:oak_planks":222,"minecraft:soul_sand":12,"minecraft:quartz":9,"minecraft:gravel":34,"minecraft:white_bed":2,"minecraft:crying_obsidian":1,"minecraft:spectral_arrow":19,"minecraft:diamond_shovel":2,"minecraft:diamond":27,"minecraft:stone_axe":1,"minecraft:iron_helmet":1,"minecraft:diamond_axe":1,"minecraft:golden_apple":1,"minecraft:emerald":15,"minecraft:bread":38,"minecraft:netherrack":16,"minecraft:coal":14,"minecraft:diamond_pickaxe":2}},"DataVersion":3465}