{"stats":{"minecraft:used":{"minecraft:water_bucket":5,"minecraft:stone_pickaxe":46,"minecraft:baked_potato":2,"minecraft:oak_planks":28,"minecraft:wooden_pickaxe":13,"minecraft:shield":88,"minecraft:diamond_axe":54,"minecraft:rotten_flesh":4,"minecraft:iron_chestplate":3,"minecraft:crafting_table":9,"minecraft:diamond_helmet":1,"minecraft:white_bed":3,"minecraft:tuff":4,"minecraft:wooden_axe":7,"minecraft:diamond_pickaxe":38,"minecraft:apple":9,"minecraft:diamond_shovel":5,"minecraft:bread":20,"minecraft:iron_pickaxe":26,"minecraft:iron_helmet":1,"minecraft:iron_boots":1,"minecraft:gravel":9,"minecraft:wooden_sword":11,"minecraft:stone_axe":5,"minecraft:furnace":3,"minecraft:bucket":6,"minecraft:cobbled_deepslate":31,"minecraft:iron_leggings":2},"minecraft:killed_by":{"minecraft:creeper":1},"minecraft:broken":{"minecraft:shield":2},"minecraft:mined":{"minecraft:tuff":2,"minecraft:white_bed":2,"minecraft:deepslate_diamond_ore":21,"minecraft:crafting_table":8,"minecraft:oak_planks":3,"supplementaries:urn":11,"minecraft:furnace":3,"minecraft:cobbled_deepslate":1,"minecraft:iron_ore":27,"minecraft:grass":2,"minecraft:oak_log":29,"minecraft:coal_ore":9,"minecraft:deepslate_iron_ore":5,"minecraft:gravel":11,"minecraft:cobweb":11,"minecraft:stone":13,"minecraft:deepslate":28},"minecraft:dropped":{"minecraft:iron_helmet":1,"minecraft:rotten_flesh":1,"supplementaries:antique_ink":3,"supplementaries:ash":2,"minecraft:torch":12,"minecraft:iron_chestplate":1,"minecraft:wooden_axe":1,"minecraft:wooden_sword":1,"minecraft:stone_pickaxe":3,"minecraft:wooden_pickaxe":2,"minecraft:bone":10},"minecraft:custom":{"minecraft:interact_with_furnace":19,"minecraft:mob_kills":15,"minecraft:interact_with_crafting_table":18,"minecraft:leave_game":1,"minecraft:time_since_death":27092,"minecraft:sleep_in_bed":3,"minecraft:time_since_rest":8672,"minecraft:sprint_one_cm":150393,"minecraft:damage_taken":2039,"minecraft:walk_one_cm":94834,"minecraft:damage_blocked_by_shield":5565,"minecraft:drop":26,"minecraft:damage_dealt":2812,"minecraft:swim_one_cm":3612,"minecraft:player_kills":1,"minecraft:fly_one_cm":216750,"minecraft:open_chest":3,"minecraft:crouch_one_cm":8002,"minecraft:play_time":50689,"minecraft:deaths":2,"minecraft:sneak_time":3133,"minecraft:walk_under_water_one_cm":5710,"minecraft:jump":1307,"minecraft:walk_on_water_one_cm":31555,"minecraft:total_world_time":50689,"minecraft:fall_one_cm":41259},"minecraft:killed":{"minecraft:cave_spider":2,"minecraft:skeleton":8,"minecraft:zombie":5},"minecraft:crafted":{"minecraft:wooden_sword":1,"minecraft:oak_planks":152,"minecraft:stone_shovel":1,"minecraft:diamond_axe":1,"minecraft:crafting_table":3,"minecraft:wooden_pickaxe":1,"minecraft:baked_potato":2,"minecraft:iron_helmet":1,"minecraft:furnace":1,"minecraft:bucket":1,"minecraft:diamond_shovel":1,"minecraft:stone_axe":1,"minecraft:air":0,"minecraft:diamond_helmet":1,"minecraft:white_wool":3,"minecraft:iron_boots":1,"minecraft:iron_chestplate":1,"minecraft:diamond_pickaxe":1,"minecraft:shield":2,"minecraft:stick":20,"minecraft:iron_ingot":31,"minecraft:iron_pickaxe":1,"minecraft:stone_pickaxe":1,"minecraft:wooden_axe":1,"minecraft:white_bed":1,"minecraft:iron_leggings":1,"minecraft:diamond_chestplate":1},"minecraft:picked_up":{"minecraft:iron_chestplate":2,"minecraft:crafting_table":9,"minecraft:water_bucket":2,"minecraft:wooden_pickaxe":1,"minecraft:potato":2,"minecraft:flint":1,"minecraft:tuff":4,"minecraft:oak_log":38,"minecraft:shield":2,"minecraft:string":13,"minecraft:iron_leggings":2,"minecraft:bone":18,"minecraft:apple":6,"minecraft:cobbled_deepslate":33,"minecraft:raw_gold":14,"minecraft:iron_ingot":1,"minecraft:stone_pickaxe":2,"minecraft:iron_pickaxe":1,"minecraft:oak_planks":148,"minecraft:iron_boots":2,"minecraft:furnace":5,"minecraft:raw_iron":32,"minecraft:stick":4,"minecraft:gravel":9,"minecraft:torch":12,"minecraft:white_bed":2,"minecraft:arrow":2,"minecraft:rotten_flesh":7,"minecraft:stone_shovel":1,"minecraft:diamond":25,"minecraft:stone_axe":1,"minecraft:iron_helmet":1,"supplementaries:antique_ink":11,"minecraft:emerald":5,"minecraft:bread":6,"supplementaries:ash":2,"minecraft:skeleton_skull":1,"minecraft:coal":14,"minecraft:cobblestone":13}},"DataVersion":3465}