{"stats":{"minecraft:used":{"minecraft:water_bucket":1,"minecraft:stone_pickaxe":46,"minecraft:oak_planks":1,"minecraft:wooden_pickaxe":13,"minecraft:shield":10,"minecraft:iron_chestplate":2,"minecraft:crafting_table":2,"minecraft:apple":6,"minecraft:bread":7,"minecraft:iron_pickaxe":8,"minecraft:iron_boots":1,"minecraft:stone_axe":5,"minecraft:furnace":1,"minecraft:bucket":2,"minecraft:cobbled_deepslate":3,"minecraft:iron_leggings":2},"minecraft:killed_by":{"minecraft:creeper":1},"minecraft:mined":{"minecraft:deepslate_diamond_ore":2,"minecraft:crafting_table":2,"minecraft:oak_planks":1,"supplementaries:urn":7,"minecraft:furnace":1,"minecraft:iron_ore":27,"minecraft:grass":2,"minecraft:oak_log":10,"minecraft:coal_ore":9,"minecraft:deepslate_iron_ore":4,"minecraft:stone":13,"minecraft:deepslate":7},"minecraft:dropped":{"supplementaries:ash":2,"minecraft:torch":12,"minecraft:stone_pickaxe":3,"minecraft:wooden_pickaxe":2,"minecraft:bone":10},"minecraft:custom":{"minecraft:interact_with_furnace":16,"minecraft:mob_kills":1,"minecraft:interact_with_crafting_table":9,"minecraft:time_since_death":780,"minecraft:sleep_in_bed":1,"minecraft:time_since_rest":805,"minecraft:sprint_one_cm":70081,"minecraft:damage_taken":979,"minecraft:walk_one_cm":39720,"minecraft:damage_blocked_by_shield":960,"minecraft:drop":18,"minecraft:damage_dealt":570,"minecraft:swim_one_cm":1139,"minecraft:player_kills":1,"minecraft:fly_one_cm":132943,"minecraft:open_chest":3,"minecraft:crouch_one_cm":4300,"minecraft:play_time":24377,"minecraft:deaths":2,"minecraft:sneak_time":1518,"minecraft:walk_under_water_one_cm":2990,"minecraft:jump":701,"minecraft:walk_on_water_one_cm":13011,"minecraft:total_world_time":24377,"minecraft:fall_one_cm":23846},"minecraft:killed":{"minecraft:skeleton":1},"minecraft:crafted":{"minecraft:oak_planks":40,"minecraft:stone_shovel":1,"minecraft:crafting_table":1,"minecraft:wooden_pickaxe":1,"minecraft:iron_helmet":1,"minecraft:furnace":1,"minecraft:bucket":1,"minecraft:stone_axe":1,"minecraft:air":0,"minecraft:iron_boots":1,"minecraft:iron_chestplate":1,"minecraft:shield":1,"minecraft:stick":12,"minecraft:iron_ingot":31,"minecraft:iron_pickaxe":1,"minecraft:stone_pickaxe":1,"minecraft:iron_leggings":1},"minecraft:picked_up":{"minecraft:iron_chestplate":1,"minecraft:crafting_table":3,"minecraft:water_bucket":1,"minecraft:wooden_pickaxe":1,"minecraft:oak_log":10,"minecraft:shield":1,"minecraft:iron_leggings":1,"minecraft:bone":10,"minecraft:apple":3,"minecraft:cobbled_deepslate":5,"minecraft:raw_gold":7,"minecraft:stone_pickaxe":2,"minecraft:oak_planks":22,"minecraft:iron_boots":1,"minecraft:furnace":2,"minecraft:raw_iron":31,"minecraft:stick":2,"minecraft:torch":12,"minecraft:stone_shovel":1,"minecraft:diamond":4,"minecraft:stone_axe":1,"supplementaries:antique_ink":6,"minecraft:bread":5,"supplementaries:ash":2,"minecraft:coal":14,"minecraft:cobblestone":13}},"DataVersion":3465}