{"stats":{"minecraft:used":{"minecraft:water_bucket":1,"minecraft:stone_pickaxe":46,"minecraft:baked_potato":2,"minecraft:oak_planks":7,"minecraft:wooden_pickaxe":13,"minecraft:shield":44,"minecraft:diamond_axe":34,"minecraft:rotten_flesh":4,"minecraft:iron_chestplate":3,"minecraft:crafting_table":4,"minecraft:wooden_axe":7,"minecraft:apple":9,"minecraft:bread":9,"minecraft:iron_pickaxe":26,"minecraft:iron_helmet":1,"minecraft:iron_boots":1,"minecraft:stone_axe":5,"minecraft:furnace":2,"minecraft:bucket":2,"minecraft:cobbled_deepslate":5,"minecraft:iron_leggings":2},"minecraft:killed_by":{"minecraft:creeper":1},"minecraft:broken":{"minecraft:shield":1},"minecraft:mined":{"minecraft:tuff":2,"minecraft:deepslate_diamond_ore":7,"minecraft:crafting_table":4,"minecraft:oak_planks":3,"supplementaries:urn":10,"minecraft:furnace":2,"minecraft:iron_ore":27,"minecraft:grass":2,"minecraft:oak_log":29,"minecraft:coal_ore":9,"minecraft:deepslate_iron_ore":4,"minecraft:stone":13,"minecraft:deepslate":13},"minecraft:dropped":{"minecraft:rotten_flesh":1,"supplementaries:antique_ink":3,"supplementaries:ash":2,"minecraft:torch":12,"minecraft:wooden_axe":1,"minecraft:stone_pickaxe":3,"minecraft:wooden_pickaxe":2,"minecraft:bone":10},"minecraft:custom":{"minecraft:interact_with_furnace":17,"minecraft:mob_kills":9,"minecraft:interact_with_crafting_table":12,"minecraft:time_since_death":12780,"minecraft:sleep_in_bed":1,"minecraft:time_since_rest":12805,"minecraft:sprint_one_cm":104194,"minecraft:damage_taken":1435,"minecraft:walk_one_cm":61195,"minecraft:damage_blocked_by_shield":2790,"minecraft:drop":23,"minecraft:damage_dealt":1760,"minecraft:swim_one_cm":3250,"minecraft:player_kills":1,"minecraft:fly_one_cm":174924,"minecraft:open_chest":3,"minecraft:crouch_one_cm":5822,"minecraft:play_time":36377,"minecraft:deaths":2,"minecraft:sneak_time":2264,"minecraft:walk_under_water_one_cm":4667,"minecraft:jump":951,"minecraft:walk_on_water_one_cm":27723,"minecraft:total_world_time":36377,"minecraft:fall_one_cm":32034},"minecraft:killed":{"minecraft:cave_spider":2,"minecraft:skeleton":4,"minecraft:zombie":3},"minecraft:crafted":{"minecraft:oak_planks":152,"minecraft:stone_shovel":1,"minecraft:diamond_axe":1,"minecraft:crafting_table":2,"minecraft:wooden_pickaxe":1,"minecraft:baked_potato":2,"minecraft:iron_helmet":1,"minecraft:furnace":1,"minecraft:bucket":1,"minecraft:diamond_shovel":1,"minecraft:stone_axe":1,"minecraft:air":0,"minecraft:iron_boots":1,"minecraft:iron_chestplate":1,"minecraft:diamond_pickaxe":1,"minecraft:shield":1,"minecraft:stick":20,"minecraft:iron_ingot":31,"minecraft:iron_pickaxe":1,"minecraft:stone_pickaxe":1,"minecraft:wooden_axe":1,"minecraft:iron_leggings":1},"minecraft:picked_up":{"minecraft:iron_chestplate":2,"minecraft:crafting_table":5,"minecraft:water_bucket":2,"minecraft:wooden_pickaxe":1,"minecraft:potato":2,"minecraft:tuff":4,"minecraft:oak_log":38,"minecraft:shield":2,"minecraft:string":2,"minecraft:iron_leggings":2,"minecraft:bone":13,"minecraft:apple":6,"minecraft:cobbled_deepslate":15,"minecraft:raw_gold":14,"minecraft:stone_pickaxe":2,"minecraft:iron_pickaxe":1,"minecraft:oak_planks":93,"minecraft:iron_boots":2,"minecraft:furnace":4,"minecraft:raw_iron":31,"minecraft:stick":4,"minecraft:torch":12,"minecraft:rotten_flesh":6,"minecraft:stone_shovel":1,"minecraft:diamond":11,"minecraft:stone_axe":1,"minecraft:iron_helmet":1,"supplementaries:antique_ink":11,"minecraft:emerald":5,"minecraft:bread":6,"supplementaries:ash":2,"minecraft:skeleton_skull":1,"minecraft:coal":14,"minecraft:cobblestone":13}},"DataVersion":3465}