{"stats":{"minecraft:used":{"minecraft:water_bucket":11,"minecraft:flint_and_steel":2,"minecraft:stone_pickaxe":46,"minecraft:baked_potato":2,"minecraft:oak_planks":44,"minecraft:wooden_pickaxe":13,"minecraft:shield":89,"minecraft:diamond_axe":63,"minecraft:rotten_flesh":4,"minecraft:iron_chestplate":3,"minecraft:crafting_table":9,"minecraft:diamond_helmet":3,"minecraft:white_bed":4,"minecraft:tuff":4,"minecraft:obsidian":2,"minecraft:wooden_axe":7,"minecraft:diamond_pickaxe":43,"minecraft:apple":9,"minecraft:lava_bucket":4,"minecraft:diamond_shovel":5,"minecraft:bread":22,"minecraft:iron_pickaxe":26,"minecraft:iron_helmet":1,"minecraft:iron_boots":1,"minecraft:gravel":9,"minecraft:stone_axe":5,"minecraft:wooden_sword":11,"minecraft:furnace":3,"minecraft:bucket":16,"minecraft:cobbled_deepslate":31,"minecraft:iron_leggings":2},"minecraft:killed_by":{"minecraft:piglin":2,"minecraft:creeper":1},"minecraft:broken":{"minecraft:shield":2},"minecraft:mined":{"minecraft:nether_gold_ore":2,"minecraft:tuff":2,"minecraft:white_bed":2,"minecraft:deepslate_diamond_ore":21,"minecraft:obsidian":2,"minecraft:crafting_table":8,"minecraft:oak_planks":3,"supplementaries:urn":11,"minecraft:furnace":3,"minecraft:iron_ore":27,"minecraft:cobbled_deepslate":1,"minecraft:grass":2,"minecraft:oak_log":29,"minecraft:coal_ore":9,"minecraft:deepslate_iron_ore":5,"minecraft:gravel":11,"minecraft:cobweb":11,"minecraft:stone":13,"minecraft:deepslate":28},"minecraft:dropped":{"minecraft:iron_helmet":1,"minecraft:rotten_flesh":1,"supplementaries:antique_ink":5,"supplementaries:ash":2,"minecraft:torch":12,"minecraft:iron_chestplate":1,"minecraft:wooden_axe":1,"minecraft:wooden_sword":1,"minecraft:stone_pickaxe":3,"minecraft:wooden_pickaxe":2,"minecraft:bone":10},"minecraft:custom":{"minecraft:interact_with_furnace":19,"minecraft:mob_kills":20,"minecraft:interact_with_crafting_table":18,"minecraft:leave_game":2,"minecraft:time_since_death":1171,"minecraft:sleep_in_bed":4,"minecraft:time_since_rest":1193,"minecraft:sprint_one_cm":157924,"minecraft:damage_taken":2469,"minecraft:walk_one_cm":106907,"minecraft:damage_blocked_by_shield":5625,"minecraft:drop":28,"minecraft:damage_dealt":3421,"minecraft:swim_one_cm":3612,"minecraft:player_kills":1,"minecraft:fly_one_cm":221826,"minecraft:open_chest":3,"minecraft:play_time":57366,"minecraft:crouch_one_cm":8002,"minecraft:sneak_time":3165,"minecraft:deaths":4,"minecraft:walk_under_water_one_cm":8542,"minecraft:jump":1362,"minecraft:walk_on_water_one_cm":37461,"minecraft:total_world_time":57366,"minecraft:fall_one_cm":41259},"minecraft:killed":{"minecraft:piglin":1,"minecraft:cave_spider":2,"minecraft:skeleton":9,"minecraft:zombie":7},"minecraft:crafted":{"minecraft:wooden_sword":1,"minecraft:oak_planks":152,"minecraft:stone_shovel":1,"minecraft:diamond_axe":1,"minecraft:crafting_table":3,"minecraft:iron_helmet":1,"minecraft:wooden_pickaxe":1,"minecraft:baked_potato":2,"minecraft:furnace":1,"minecraft:bucket":1,"minecraft:diamond_shovel":1,"minecraft:stone_axe":1,"minecraft:air":0,"minecraft:flint_and_steel":1,"minecraft:diamond_helmet":1,"minecraft:iron_boots":1,"minecraft:white_wool":3,"minecraft:iron_chestplate":1,"minecraft:diamond_pickaxe":1,"minecraft:shield":2,"minecraft:stick":20,"minecraft:iron_ingot":31,"minecraft:iron_pickaxe":1,"minecraft:stone_pickaxe":1,"minecraft:wooden_axe":1,"minecraft:iron_leggings":1,"minecraft:white_bed":1,"minecraft:diamond_chestplate":1},"minecraft:picked_up":{"minecraft:crafting_table":11,"minecraft:iron_chestplate":2,"minecraft:water_bucket":3,"minecraft:wooden_pickaxe":1,"minecraft:potato":2,"minecraft:flint":1,"minecraft:tuff":4,"minecraft:oak_log":38,"minecraft:shield":4,"minecraft:string":15,"minecraft:name_tag":2,"minecraft:flint_and_steel":2,"minecraft:iron_leggings":3,"minecraft:bone":40,"minecraft:apple":6,"minecraft:cobbled_deepslate":33,"minecraft:raw_gold":27,"minecraft:iron_ingot":7,"minecraft:stone_pickaxe":2,"minecraft:diamond_helmet":2,"minecraft:iron_pickaxe":3,"supplementaries:rope":20,"minecraft:oak_planks":222,"minecraft:iron_boots":3,"minecraft:furnace":6,"minecraft:stick":6,"minecraft:raw_iron":32,"minecraft:torch":12,"minecraft:gravel":9,"minecraft:white_bed":2,"minecraft:diamond_shovel":2,"minecraft:diamond_chestplate":2,"minecraft:arrow":6,"minecraft:stone_shovel":1,"minecraft:rotten_flesh":14,"minecraft:diamond":27,"minecraft:stone_axe":1,"minecraft:iron_helmet":1,"supplementaries:antique_ink":17,"minecraft:diamond_axe":1,"minecraft:golden_apple":1,"minecraft:bread":38,"minecraft:emerald":15,"supplementaries:ash":2,"minecraft:obsidian":2,"minecraft:coal":14,"minecraft:skeleton_skull":3,"minecraft:cobblestone":13,"minecraft:diamond_pickaxe":2}},"DataVersion":3465}