{"stats":{"minecraft:used":{"minecraft:stone_pickaxe":73,"minecraft:oak_planks":13,"minecraft:wooden_pickaxe":7,"minecraft:shield":19,"minecraft:iron_sword":95,"minecraft:torch":1,"minecraft:stick":3,"minecraft:dirt":4,"minecraft:crafting_table":15,"minecraft:blast_furnace":3,"minecraft:white_bed":2,"minecraft:wooden_hoe":61,"minecraft:wooden_axe":13,"minecraft:bread":35,"minecraft:iron_pickaxe":88,"minecraft:stone_axe":23,"minecraft:diamond_sword":52,"minecraft:wooden_sword":45,"minecraft:cobblestone":21},"minecraft:mined":{"minecraft:deepslate_redstone_ore":9,"minecraft:tuff":1,"minecraft:white_bed":2,"minecraft:deepslate_diamond_ore":2,"minecraft:crafting_table":14,"minecraft:blast_furnace":4,"minecraft:grass_block":3,"minecraft:tall_grass":4,"minecraft:copper_ore":1,"minecraft:cobblestone":7,"minecraft:deepslate_gold_ore":13,"minecraft:oak_planks":4,"minecraft:spawner":2,"supplementaries:urn":9,"minecraft:hay_block":58,"minecraft:iron_ore":26,"minecraft:grass":21,"minecraft:oak_log":24,"supplementaries:stick":3,"minecraft:coal_ore":7,"minecraft:deepslate_iron_ore":23,"minecraft:dirt":10,"minecraft:cobweb":63,"minecraft:stone":37,"minecraft:oak_leaves":1,"minecraft:deepslate":28},"minecraft:dropped":{"minecraft:wheat_seeds":2,"minecraft:feather":4,"minecraft:rotten_flesh":1,"minecraft:oak_planks":11,"minecraft:poppy":1,"minecraft:oxeye_daisy":1,"supplementaries:ash":4,"minecraft:wooden_sword":1,"minecraft:spider_eye":1,"minecraft:bone":1,"minecraft:egg":2},"minecraft:custom":{"minecraft:mob_kills":34,"minecraft:interact_with_crafting_table":32,"minecraft:bell_ring":38,"minecraft:leave_game":1,"minecraft:time_since_death":81958,"minecraft:sleep_in_bed":5,"minecraft:time_since_rest":23728,"minecraft:sprint_one_cm":159864,"minecraft:damage_taken":1576,"minecraft:walk_one_cm":108109,"minecraft:damage_blocked_by_shield":1130,"minecraft:drop":22,"minecraft:damage_dealt":6066,"minecraft:damage_dealt_absorbed":40,"minecraft:swim_one_cm":1495,"minecraft:fly_one_cm":287587,"minecraft:play_time":81958,"minecraft:open_chest":7,"minecraft:crouch_one_cm":14270,"minecraft:sneak_time":4370,"minecraft:walk_under_water_one_cm":1597,"minecraft:jump":1521,"minecraft:interact_with_blast_furnace":19,"minecraft:walk_on_water_one_cm":2184,"minecraft:total_world_time":81958,"minecraft:fall_one_cm":44059},"minecraft:killed":{"minecraft:cave_spider":1,"minecraft:pig":2,"minecraft:spider":5,"minecraft:iron_golem":1,"minecraft:sheep":2,"minecraft:skeleton":5,"minecraft:zombie":10,"minecraft:chicken":3,"minecraft:cow":4},"minecraft:crafted":{"minecraft:wooden_sword":1,"minecraft:oak_planks":72,"minecraft:diamond_sword":1,"sophisticatedbackpacks:backpack":1,"minecraft:crafting_table":2,"minecraft:iron_helmet":1,"minecraft:wooden_pickaxe":1,"minecraft:iron_sword":1,"sophisticatedbackpacks:gold_backpack":1,"sophisticatedbackpacks:crafting_upgrade":1,"minecraft:stone_axe":1,"sophisticatedbackpacks:upgrade_base":7,"minecraft:bread":174,"minecraft:air":0,"minecraft:iron_chestplate":1,"minecraft:iron_boots":1,"minecraft:wooden_hoe":1,"minecraft:shield":1,"minecraft:stick":16,"sophisticatedbackpacks:blasting_upgrade":1,"minecraft:gold_ingot":13,"minecraft:iron_ingot":40,"minecraft:iron_pickaxe":1,"minecraft:stone_pickaxe":1,"minecraft:wooden_axe":1,"minecraft:chest":2,"minecraft:iron_leggings":1,"minecraft:wheat":522,"sophisticatedbackpacks:iron_backpack":1},"minecraft:picked_up":{"minecraft:crafting_table":14,"minecraft:feather":4,"minecraft:chicken":2,"minecraft:leather":6,"minecraft:tuff":1,"minecraft:oak_log":22,"minecraft:dirt":13,"minecraft:string":67,"minecraft:raw_copper":4,"minecraft:wooden_sword":1,"minecraft:bone":11,"minecraft:bow":1,"minecraft:wheat_seeds":2,"minecraft:gold_nugget":30,"minecraft:cobbled_deepslate":26,"minecraft:raw_gold":13,"minecraft:iron_ingot":3,"minecraft:beef":9,"minecraft:poppy":1,"minecraft:oak_planks":4,"minecraft:egg":2,"minecraft:stick":4,"minecraft:raw_iron":58,"minecraft:torch":6,"minecraft:porkchop":4,"minecraft:blast_furnace":4,"minecraft:white_bed":2,"minecraft:carrot":1,"minecraft:redstone":41,"minecraft:spider_eye":1,"minecraft:rotten_flesh":4,"minecraft:diamond":2,"minecraft:hay_block":58,"minecraft:emerald":21,"supplementaries:ash":16,"minecraft:mutton":2,"minecraft:coal":72,"minecraft:white_wool":2,"minecraft:cobblestone":42,"minecraft:oxeye_daisy":1}},"DataVersion":3465}