{"stats":{"minecraft:used":{"minecraft:stone_pickaxe":73,"minecraft:oak_planks":13,"minecraft:wooden_pickaxe":7,"minecraft:shield":13,"minecraft:iron_sword":95,"minecraft:torch":1,"minecraft:stick":3,"minecraft:dirt":4,"minecraft:crafting_table":12,"minecraft:blast_furnace":3,"minecraft:white_bed":2,"minecraft:wooden_hoe":61,"minecraft:wooden_axe":13,"minecraft:bread":30,"minecraft:iron_pickaxe":55,"minecraft:stone_axe":19,"minecraft:wooden_sword":45,"minecraft:cobblestone":17},"minecraft:mined":{"minecraft:white_bed":2,"minecraft:deepslate_diamond_ore":2,"minecraft:crafting_table":10,"minecraft:blast_furnace":2,"minecraft:grass_block":3,"minecraft:tall_grass":4,"minecraft:copper_ore":1,"minecraft:cobblestone":3,"minecraft:deepslate_gold_ore":5,"minecraft:oak_planks":4,"minecraft:spawner":1,"supplementaries:urn":7,"minecraft:hay_block":58,"minecraft:iron_ore":26,"minecraft:grass":21,"minecraft:oak_log":24,"supplementaries:stick":3,"minecraft:coal_ore":7,"minecraft:deepslate_iron_ore":21,"minecraft:dirt":10,"minecraft:cobweb":31,"minecraft:stone":37,"minecraft:oak_leaves":1,"minecraft:deepslate":23},"minecraft:dropped":{"minecraft:wheat_seeds":2,"minecraft:feather":4,"minecraft:rotten_flesh":1,"minecraft:oak_planks":11,"minecraft:poppy":1,"minecraft:oxeye_daisy":1,"supplementaries:ash":4,"minecraft:wooden_sword":1,"minecraft:spider_eye":1,"minecraft:bone":1,"minecraft:egg":2},"minecraft:custom":{"minecraft:mob_kills":27,"minecraft:interact_with_crafting_table":18,"minecraft:bell_ring":38,"minecraft:leave_game":1,"minecraft:time_since_death":69958,"minecraft:sleep_in_bed":5,"minecraft:time_since_rest":11728,"minecraft:sprint_one_cm":131902,"minecraft:damage_taken":1323,"minecraft:walk_one_cm":90285,"minecraft:damage_blocked_by_shield":675,"minecraft:drop":22,"minecraft:damage_dealt":4738,"minecraft:swim_one_cm":1495,"minecraft:fly_one_cm":265959,"minecraft:play_time":69958,"minecraft:open_chest":7,"minecraft:crouch_one_cm":12356,"minecraft:sneak_time":3867,"minecraft:walk_under_water_one_cm":1597,"minecraft:jump":1387,"minecraft:interact_with_blast_furnace":15,"minecraft:walk_on_water_one_cm":2111,"minecraft:total_world_time":69958,"minecraft:fall_one_cm":39454},"minecraft:killed":{"minecraft:pig":2,"minecraft:spider":4,"minecraft:iron_golem":1,"minecraft:sheep":2,"minecraft:skeleton":2,"minecraft:zombie":8,"minecraft:chicken":3,"minecraft:cow":4},"minecraft:crafted":{"minecraft:wooden_sword":1,"minecraft:oak_planks":72,"minecraft:diamond_sword":1,"sophisticatedbackpacks:backpack":1,"minecraft:crafting_table":1,"minecraft:wooden_pickaxe":1,"minecraft:iron_sword":1,"minecraft:stone_axe":1,"minecraft:bread":174,"minecraft:air":0,"minecraft:iron_boots":1,"minecraft:wooden_hoe":1,"minecraft:shield":1,"minecraft:stick":16,"minecraft:iron_ingot":38,"minecraft:iron_pickaxe":1,"minecraft:stone_pickaxe":1,"minecraft:wooden_axe":1,"minecraft:chest":1,"minecraft:iron_leggings":1,"minecraft:wheat":522,"sophisticatedbackpacks:iron_backpack":1},"minecraft:picked_up":{"minecraft:crafting_table":10,"minecraft:feather":4,"minecraft:chicken":2,"minecraft:leather":6,"minecraft:oak_log":22,"minecraft:dirt":13,"minecraft:string":34,"minecraft:raw_copper":4,"minecraft:wooden_sword":1,"minecraft:bone":7,"minecraft:wheat_seeds":2,"minecraft:gold_nugget":30,"minecraft:cobbled_deepslate":21,"minecraft:raw_gold":5,"minecraft:iron_ingot":3,"minecraft:beef":9,"minecraft:poppy":1,"minecraft:oak_planks":4,"minecraft:egg":2,"minecraft:stick":4,"minecraft:raw_iron":56,"minecraft:torch":6,"minecraft:porkchop":4,"minecraft:blast_furnace":2,"minecraft:white_bed":2,"minecraft:carrot":1,"minecraft:spider_eye":1,"minecraft:rotten_flesh":2,"minecraft:diamond":2,"minecraft:hay_block":58,"minecraft:emerald":21,"supplementaries:ash":11,"minecraft:mutton":2,"minecraft:coal":11,"minecraft:white_wool":2,"minecraft:cobblestone":39,"minecraft:oxeye_daisy":1}},"DataVersion":3465}