{"stats":{"minecraft:used":{"minecraft:wooden_axe":13,"minecraft:wooden_hoe":61,"minecraft:bread":10,"minecraft:oak_planks":13,"minecraft:shield":2,"minecraft:wooden_pickaxe":7,"minecraft:iron_sword":15,"minecraft:stone_axe":1,"minecraft:stick":3,"minecraft:torch":1,"minecraft:wooden_sword":45,"minecraft:crafting_table":5},"minecraft:mined":{"minecraft:hay_block":58,"minecraft:crafting_table":5,"minecraft:grass":17,"minecraft:blast_furnace":1,"supplementaries:stick":3,"minecraft:oak_log":13,"minecraft:tall_grass":3,"minecraft:stone":6,"minecraft:oak_planks":4},"minecraft:dropped":{"minecraft:wooden_sword":1},"minecraft:custom":{"minecraft:time_since_rest":17017,"minecraft:sprint_one_cm":74675,"minecraft:damage_taken":265,"minecraft:walk_one_cm":43294,"minecraft:damage_blocked_by_shield":60,"minecraft:mob_kills":13,"minecraft:drop":1,"minecraft:damage_dealt":2481,"minecraft:interact_with_crafting_table":7,"minecraft:fly_one_cm":174609,"minecraft:open_chest":7,"minecraft:crouch_one_cm":3554,"minecraft:play_time":29132,"minecraft:bell_ring":38,"minecraft:sneak_time":1194,"minecraft:jump":811,"minecraft:time_since_death":29132,"minecraft:sleep_in_bed":1,"minecraft:total_world_time":29132,"minecraft:fall_one_cm":22913},"minecraft:killed":{"minecraft:sheep":2,"minecraft:zombie":2,"minecraft:pig":2,"minecraft:spider":2,"minecraft:iron_golem":1,"minecraft:cow":4},"minecraft:crafted":{"minecraft:wooden_sword":1,"minecraft:oak_planks":48,"minecraft:wooden_hoe":1,"minecraft:shield":1,"minecraft:crafting_table":1,"minecraft:stick":12,"minecraft:wooden_pickaxe":1,"minecraft:stone_pickaxe":1,"minecraft:wooden_axe":1,"minecraft:iron_sword":1,"minecraft:stone_axe":1,"minecraft:bread":174,"minecraft:wheat":522},"minecraft:picked_up":{"minecraft:stick":3,"minecraft:crafting_table":5,"minecraft:leather":6,"minecraft:torch":1,"minecraft:porkchop":4,"minecraft:oak_log":12,"minecraft:blast_furnace":1,"minecraft:spider_eye":1,"minecraft:string":3,"minecraft:wooden_sword":1,"minecraft:rotten_flesh":1,"minecraft:wheat_seeds":2,"minecraft:hay_block":58,"minecraft:iron_ingot":3,"minecraft:beef":9,"minecraft:poppy":1,"minecraft:egg":1,"minecraft:mutton":2,"minecraft:oak_planks":4,"minecraft:white_wool":2,"minecraft:cobblestone":6,"minecraft:oxeye_daisy":1}},"DataVersion":3465}