{"stats":{"minecraft:used":{"minecraft:wooden_axe":12,"minecraft:wooden_hoe":61,"minecraft:bread":4,"minecraft:oak_planks":10,"minecraft:stick":2,"minecraft:torch":1,"minecraft:wooden_sword":30,"minecraft:crafting_table":4},"minecraft:mined":{"minecraft:hay_block":58,"minecraft:crafting_table":4,"minecraft:grass":7,"supplementaries:stick":2,"minecraft:oak_log":13,"minecraft:tall_grass":3,"minecraft:oak_planks":4},"minecraft:custom":{"minecraft:time_since_rest":5017,"minecraft:sprint_one_cm":39443,"minecraft:damage_taken":40,"minecraft:walk_one_cm":26740,"minecraft:mob_kills":5,"minecraft:damage_dealt":1400,"minecraft:interact_with_crafting_table":4,"minecraft:fly_one_cm":79605,"minecraft:open_chest":5,"minecraft:crouch_one_cm":2010,"minecraft:play_time":17132,"minecraft:bell_ring":14,"minecraft:sneak_time":746,"minecraft:jump":355,"minecraft:time_since_death":17132,"minecraft:sleep_in_bed":1,"minecraft:total_world_time":17132,"minecraft:fall_one_cm":8495},"minecraft:killed":{"minecraft:iron_golem":1,"minecraft:cow":4},"minecraft:crafted":{"minecraft:wooden_sword":1,"minecraft:oak_planks":48,"minecraft:wooden_hoe":1,"minecraft:crafting_table":1,"minecraft:stick":8,"minecraft:wooden_pickaxe":1,"minecraft:wooden_axe":1,"minecraft:bread":174,"minecraft:wheat":522},"minecraft:picked_up":{"minecraft:stick":2,"minecraft:crafting_table":4,"minecraft:leather":6,"minecraft:torch":1,"minecraft:oak_log":12,"minecraft:wheat_seeds":1,"minecraft:hay_block":58,"minecraft:iron_ingot":3,"minecraft:beef":9,"minecraft:poppy":1,"minecraft:oak_planks":4,"minecraft:oxeye_daisy":1}},"DataVersion":3465}