{"stats":{"minecraft:used":{"minecraft:stone_pickaxe":70,"minecraft:oak_planks":13,"minecraft:wooden_pickaxe":7,"minecraft:shield":6,"minecraft:iron_sword":38,"minecraft:torch":1,"minecraft:stick":3,"minecraft:dirt":4,"minecraft:crafting_table":8,"minecraft:blast_furnace":1,"minecraft:wooden_axe":13,"minecraft:wooden_hoe":61,"minecraft:bread":21,"minecraft:stone_axe":17,"minecraft:wooden_sword":45},"minecraft:mined":{"minecraft:crafting_table":8,"minecraft:blast_furnace":2,"minecraft:grass_block":3,"minecraft:tall_grass":4,"minecraft:oak_planks":4,"supplementaries:urn":5,"minecraft:hay_block":58,"minecraft:iron_ore":26,"minecraft:grass":21,"minecraft:oak_log":24,"supplementaries:stick":3,"minecraft:coal_ore":7,"minecraft:deepslate_iron_ore":1,"minecraft:dirt":10,"minecraft:stone":35,"minecraft:oak_leaves":1},"minecraft:dropped":{"minecraft:wheat_seeds":2,"minecraft:rotten_flesh":1,"minecraft:oak_planks":11,"minecraft:oxeye_daisy":1,"minecraft:poppy":1,"minecraft:spider_eye":1,"minecraft:wooden_sword":1,"minecraft:bone":1,"minecraft:egg":1},"minecraft:custom":{"minecraft:mob_kills":20,"minecraft:interact_with_crafting_table":10,"minecraft:bell_ring":38,"minecraft:leave_game":1,"minecraft:time_since_death":52590,"minecraft:sleep_in_bed":2,"minecraft:time_since_rest":22000,"minecraft:sprint_one_cm":117331,"minecraft:damage_taken":740,"minecraft:walk_one_cm":71605,"minecraft:damage_blocked_by_shield":315,"minecraft:drop":19,"minecraft:damage_dealt":3381,"minecraft:swim_one_cm":1495,"minecraft:fly_one_cm":251931,"minecraft:open_chest":7,"minecraft:crouch_one_cm":8333,"minecraft:play_time":52590,"minecraft:sneak_time":2562,"minecraft:walk_under_water_one_cm":1597,"minecraft:jump":1313,"minecraft:interact_with_blast_furnace":5,"minecraft:walk_on_water_one_cm":2111,"minecraft:total_world_time":52590,"minecraft:fall_one_cm":36792},"minecraft:killed":{"minecraft:pig":2,"minecraft:spider":4,"minecraft:iron_golem":1,"minecraft:skeleton":1,"minecraft:sheep":2,"minecraft:zombie":3,"minecraft:chicken":3,"minecraft:cow":4},"minecraft:crafted":{"minecraft:wooden_sword":1,"minecraft:oak_planks":72,"sophisticatedbackpacks:backpack":1,"minecraft:crafting_table":1,"minecraft:wooden_pickaxe":1,"minecraft:iron_sword":1,"minecraft:stone_axe":1,"minecraft:bread":174,"minecraft:air":0,"minecraft:wooden_hoe":1,"minecraft:shield":1,"minecraft:stick":12,"minecraft:iron_ingot":18,"minecraft:stone_pickaxe":1,"minecraft:wooden_axe":1,"minecraft:chest":1,"sophisticatedbackpacks:iron_backpack":1,"minecraft:wheat":522},"minecraft:picked_up":{"minecraft:crafting_table":8,"minecraft:feather":4,"minecraft:chicken":2,"minecraft:leather":6,"minecraft:oak_log":22,"minecraft:dirt":13,"minecraft:string":5,"minecraft:wooden_sword":1,"minecraft:bone":1,"minecraft:wheat_seeds":2,"minecraft:gold_nugget":30,"minecraft:beef":9,"minecraft:iron_ingot":3,"minecraft:poppy":1,"minecraft:oak_planks":4,"minecraft:egg":2,"minecraft:stick":4,"minecraft:raw_iron":36,"minecraft:torch":6,"minecraft:porkchop":4,"minecraft:blast_furnace":2,"minecraft:spider_eye":1,"minecraft:rotten_flesh":1,"minecraft:hay_block":58,"minecraft:emerald":21,"supplementaries:ash":4,"minecraft:white_wool":2,"minecraft:mutton":2,"minecraft:coal":11,"minecraft:cobblestone":34,"minecraft:oxeye_daisy":1}},"DataVersion":3465}