{"stats":{"minecraft:used":{"minecraft:stone_pickaxe":37,"minecraft:oak_planks":13,"minecraft:wooden_pickaxe":7,"minecraft:shield":6,"minecraft:iron_sword":27,"minecraft:torch":1,"minecraft:stick":3,"minecraft:crafting_table":7,"minecraft:wooden_axe":13,"minecraft:wooden_hoe":61,"minecraft:bread":17,"minecraft:stone_axe":16,"minecraft:wooden_sword":45},"minecraft:mined":{"minecraft:crafting_table":7,"minecraft:blast_furnace":1,"minecraft:grass_block":2,"minecraft:tall_grass":4,"minecraft:oak_planks":4,"minecraft:hay_block":58,"minecraft:iron_ore":1,"minecraft:grass":19,"minecraft:oak_log":24,"supplementaries:stick":3,"minecraft:coal_ore":6,"minecraft:dirt":7,"minecraft:stone":32,"minecraft:oak_leaves":1},"minecraft:dropped":{"minecraft:wheat_seeds":2,"minecraft:rotten_flesh":1,"minecraft:oak_planks":11,"minecraft:oxeye_daisy":1,"minecraft:poppy":1,"minecraft:spider_eye":1,"minecraft:wooden_sword":1,"minecraft:egg":1,"minecraft:bone":1},"minecraft:custom":{"minecraft:mob_kills":16,"minecraft:interact_with_crafting_table":9,"minecraft:bell_ring":38,"minecraft:leave_game":1,"minecraft:time_since_death":37811,"minecraft:sleep_in_bed":2,"minecraft:time_since_rest":7221,"minecraft:sprint_one_cm":97299,"minecraft:damage_taken":665,"minecraft:walk_one_cm":55369,"minecraft:damage_blocked_by_shield":315,"minecraft:drop":19,"minecraft:damage_dealt":3061,"minecraft:fly_one_cm":221848,"minecraft:open_chest":7,"minecraft:crouch_one_cm":4701,"minecraft:play_time":37811,"minecraft:sneak_time":1619,"minecraft:jump":1100,"minecraft:total_world_time":37811,"minecraft:fall_one_cm":31275},"minecraft:killed":{"minecraft:pig":2,"minecraft:spider":4,"minecraft:iron_golem":1,"minecraft:sheep":2,"minecraft:skeleton":1,"minecraft:zombie":2,"minecraft:cow":4},"minecraft:crafted":{"minecraft:wooden_sword":1,"minecraft:oak_planks":72,"sophisticatedbackpacks:backpack":1,"minecraft:crafting_table":1,"minecraft:wooden_pickaxe":1,"minecraft:iron_sword":1,"minecraft:stone_axe":1,"minecraft:bread":174,"minecraft:wooden_hoe":1,"minecraft:shield":1,"minecraft:stick":12,"minecraft:stone_pickaxe":1,"minecraft:wooden_axe":1,"minecraft:chest":1,"minecraft:wheat":522},"minecraft:picked_up":{"minecraft:crafting_table":7,"minecraft:leather":6,"minecraft:oak_log":22,"minecraft:string":5,"minecraft:dirt":9,"minecraft:wooden_sword":1,"minecraft:bone":1,"minecraft:wheat_seeds":2,"minecraft:beef":9,"minecraft:iron_ingot":3,"minecraft:poppy":1,"minecraft:oak_planks":4,"minecraft:egg":1,"minecraft:stick":4,"minecraft:raw_iron":1,"minecraft:torch":1,"minecraft:porkchop":4,"minecraft:blast_furnace":1,"minecraft:spider_eye":1,"minecraft:rotten_flesh":1,"minecraft:hay_block":58,"minecraft:mutton":2,"minecraft:coal":6,"minecraft:white_wool":2,"minecraft:cobblestone":31,"minecraft:oxeye_daisy":1}},"DataVersion":3465}