{"stats":{"minecraft:used":{"minecraft:shield":18,"minecraft:iron_sword":139,"minecraft:rotten_flesh":6,"minecraft:iron_chestplate":1,"minecraft:tuff":2,"minecraft:granite":2,"minecraft:iron_axe":60,"minecraft:furnace":3,"minecraft:cobbled_deepslate":35,"minecraft:iron_leggings":1,"minecraft:brown_bed":1,"minecraft:stone_pickaxe":130,"minecraft:ender_pearl":1,"minecraft:wooden_pickaxe":10,"minecraft:glow_berries":3,"minecraft:crafting_table":9,"minecraft:white_bed":6,"minecraft:diamond_pickaxe":85,"minecraft:bread":21,"minecraft:iron_pickaxe":250,"minecraft:cobblestone":52,"minecraft:andesite":10,"minecraft:oak_boat":2},"minecraft:killed_by":{"minecraft:player":1,"minecraft:cave_spider":1},"minecraft:broken":{"minecraft:iron_sword":1,"minecraft:iron_pickaxe":1},"minecraft:mined":{"alexscaves:spelunkery_table":1,"minecraft:tuff":3,"minecraft:white_bed":5,"minecraft:cobbled_deepslate_stairs":1,"minecraft:deepslate_diamond_ore":14,"minecraft:candle":1,"minecraft:granite":9,"minecraft:chiseled_bookshelf":1,"minecraft:grass_block":5,"minecraft:spawner":3,"minecraft:redstone_ore":1,"minecraft:oak_trapdoor":1,"minecraft:furnace":3,"minecraft:fire":1,"minecraft:iron_ore":107,"minecraft:cobbled_deepslate":2,"minecraft:barrel":1,"minecraft:andesite":22,"minecraft:brown_bed":2,"minecraft:cave_vines":3,"minecraft:deepslate_iron_ore":3,"minecraft:rail":2,"minecraft:stone":140,"minecraft:deepslate_redstone_ore":9,"minecraft:oak_slab":1,"minecraft:amethyst_cluster":4,"minecraft:crafting_table":8,"minecraft:calcite":6,"minecraft:cobblestone":10,"minecraft:lapis_ore":6,"minecraft:deepslate_gold_ore":7,"minecraft:oak_planks":33,"minecraft:diorite":10,"minecraft:amethyst_block":4,"supplementaries:urn":13,"minecraft:grass":2,"minecraft:coal_ore":36,"minecraft:dirt":2,"minecraft:cobweb":105,"minecraft:smooth_basalt":3,"minecraft:stonecutter":1,"minecraft:netherrack":19,"minecraft:gold_ore":1,"minecraft:deepslate":41},"minecraft:dropped":{"minecraft:bread":5,"minecraft:apple":3,"minecraft:iron_pickaxe":2,"sophisticatedbackpacks:backpack":1,"minecraft:leather_boots":2,"minecraft:spider_eye":1},"minecraft:custom":{"minecraft:mob_kills":14,"minecraft:interact_with_crafting_table":29,"minecraft:open_barrel":2,"minecraft:damage_dealt_resisted":33,"minecraft:leave_game":1,"minecraft:time_since_death":36711,"minecraft:climb_one_cm":68,"minecraft:sprint_one_cm":132903,"minecraft:walk_one_cm":133403,"minecraft:damage_blocked_by_shield":1494,"minecraft:drop":14,"minecraft:play_time":70842,"minecraft:deaths":3,"minecraft:sneak_time":11273,"minecraft:walk_under_water_one_cm":107,"minecraft:jump":843,"minecraft:walk_on_water_one_cm":2406,"minecraft:total_world_time":70842,"minecraft:interact_with_furnace":20,"minecraft:sleep_in_bed":6,"minecraft:time_since_rest":35663,"minecraft:damage_taken":2409,"minecraft:damage_dealt":2387,"minecraft:fly_one_cm":123048,"minecraft:open_chest":1,"minecraft:crouch_one_cm":24800,"minecraft:fall_one_cm":34773},"minecraft:killed":{"minecraft:cave_spider":3,"minecraft:skeleton":3,"minecraft:silverfish":1,"minecraft:piglin":3,"minecraft:zombie":2,"minecraft:enderman":1},"minecraft:crafted":{"minecraft:smooth_stone":3,"minecraft:furnace":1,"minecraft:stone":3,"sophisticatedbackpacks:smelting_upgrade":1,"minecraft:iron_boots":1,"minecraft:iron_axe":1,"minecraft:stone_pickaxe":1,"minecraft:chest":1,"sophisticatedbackpacks:iron_backpack":1,"sophisticatedbackpacks:backpack":1,"minecraft:crafting_table":2,"minecraft:wooden_pickaxe":1,"minecraft:iron_helmet":1,"minecraft:iron_sword":1,"sophisticatedbackpacks:upgrade_base":1,"minecraft:air":0,"minecraft:oak_boat":1,"minecraft:white_wool":3,"minecraft:iron_chestplate":1,"minecraft:diamond_pickaxe":1,"minecraft:shield":1,"minecraft:stick":16,"minecraft:iron_ingot":43,"minecraft:iron_pickaxe":1,"sophisticatedbackpacks:blasting_upgrade":1,"minecraft:iron_leggings":1,"minecraft:white_bed":1},"minecraft:picked_up":{"minecraft:iron_chestplate":1,"minecraft:crafting_table":8,"minecraft:chest_minecart":1,"minecraft:wooden_pickaxe":1,"minecraft:brown_bed":2,"minecraft:string":111,"minecraft:oak_trapdoor":1,"minecraft:iron_axe":1,"minecraft:wooden_sword":1,"minecraft:iron_leggings":1,"minecraft:zombie_head":1,"minecraft:candle":2,"minecraft:gold_nugget":1,"minecraft:cobbled_deepslate":42,"minecraft:oak_boat":2,"minecraft:iron_nugget":22,"minecraft:iron_pickaxe":3,"minecraft:chest":1,"minecraft:iron_boots":1,"minecraft:furnace":4,"minecraft:raw_iron":149,"minecraft:stick":3,"minecraft:torch":44,"sophisticatedbackpacks:backpack":2,"minecraft:diorite":20,"minecraft:redstone":35,"minecraft:arrow":3,"minecraft:rotten_flesh":9,"alexscaves:spelunkery_table":1,"minecraft:gold_ingot":5,"sophisticatedbackpacks:copper_backpack":1,"supplementaries:ash":30,"minecraft:cobblestone":241,"minecraft:rail":23,"minecraft:andesite":34,"minecraft:leather":4,"minecraft:tuff":3,"supplementaries:flax_seeds":8,"minecraft:cobbled_deepslate_stairs":1,"minecraft:wooden_hoe":1,"minecraft:lapis_lazuli":43,"minecraft:dirt":2,"minecraft:leather_boots":2,"minecraft:bone":13,"minecraft:bow":1,"minecraft:stonecutter":1,"minecraft:raw_gold":8,"minecraft:iron_ingot":3,"minecraft:stone_pickaxe":1,"minecraft:iron_sword":1,"minecraft:oak_planks":57,"minecraft:book":4,"minecraft:oak_slab":1,"minecraft:smooth_basalt":3,"minecraft:amethyst_shard":16,"minecraft:white_bed":6,"minecraft:spider_eye":1,"minecraft:barrel":1,"minecraft:pumpkin_seeds":8,"minecraft:diamond":14,"minecraft:iron_helmet":1,"minecraft:granite":16,"minecraft:bread":23,"minecraft:netherrack":27,"minecraft:coal":106,"minecraft:ender_pearl":1}},"DataVersion":3465}