{"stats":{"minecraft:used":{"minecraft:stone_pickaxe":130,"minecraft:wooden_pickaxe":10,"minecraft:iron_sword":58,"minecraft:rotten_flesh":4,"minecraft:iron_chestplate":1,"minecraft:crafting_table":6,"minecraft:white_bed":5,"minecraft:iron_axe":35,"minecraft:bread":7,"minecraft:iron_pickaxe":210,"minecraft:cobblestone":39,"minecraft:furnace":3,"minecraft:andesite":10,"minecraft:iron_leggings":1},"minecraft:killed_by":{"minecraft:player":1,"minecraft:cave_spider":1},"minecraft:mined":{"minecraft:white_bed":5,"minecraft:crafting_table":4,"minecraft:granite":8,"minecraft:grass_block":5,"minecraft:cobblestone":9,"minecraft:lapis_ore":6,"minecraft:oak_planks":33,"minecraft:diorite":10,"minecraft:spawner":1,"supplementaries:urn":6,"minecraft:redstone_ore":1,"minecraft:furnace":3,"minecraft:iron_ore":107,"minecraft:andesite":22,"minecraft:grass":2,"minecraft:coal_ore":36,"minecraft:deepslate_iron_ore":1,"minecraft:rail":1,"minecraft:dirt":2,"minecraft:cobweb":49,"minecraft:stone":140,"minecraft:gold_ore":1},"minecraft:dropped":{"minecraft:bread":5,"minecraft:apple":3,"minecraft:iron_pickaxe":2},"minecraft:custom":{"minecraft:interact_with_furnace":20,"minecraft:mob_kills":3,"minecraft:interact_with_crafting_table":23,"minecraft:leave_game":1,"minecraft:time_since_death":12711,"minecraft:sleep_in_bed":6,"minecraft:time_since_rest":11663,"minecraft:sprint_one_cm":66809,"minecraft:damage_taken":1605,"minecraft:walk_one_cm":71331,"minecraft:drop":10,"minecraft:damage_dealt":383,"minecraft:fly_one_cm":51913,"minecraft:open_chest":1,"minecraft:crouch_one_cm":16457,"minecraft:play_time":46842,"minecraft:deaths":3,"minecraft:sneak_time":7692,"minecraft:walk_under_water_one_cm":107,"minecraft:jump":312,"minecraft:walk_on_water_one_cm":887,"minecraft:total_world_time":46842,"minecraft:fall_one_cm":16397},"minecraft:killed":{"minecraft:cave_spider":2},"minecraft:crafted":{"minecraft:smooth_stone":3,"sophisticatedbackpacks:backpack":1,"minecraft:crafting_table":2,"minecraft:wooden_pickaxe":1,"minecraft:iron_helmet":1,"minecraft:iron_sword":1,"minecraft:furnace":1,"minecraft:stone":3,"sophisticatedbackpacks:upgrade_base":1,"minecraft:air":0,"sophisticatedbackpacks:smelting_upgrade":1,"minecraft:iron_boots":1,"minecraft:iron_chestplate":1,"minecraft:iron_axe":1,"minecraft:stick":12,"minecraft:iron_ingot":43,"minecraft:iron_pickaxe":1,"minecraft:stone_pickaxe":1,"minecraft:chest":1,"minecraft:iron_leggings":1,"sophisticatedbackpacks:blasting_upgrade":1,"sophisticatedbackpacks:iron_backpack":1},"minecraft:picked_up":{"minecraft:crafting_table":4,"minecraft:iron_chestplate":1,"minecraft:andesite":34,"minecraft:leather":4,"minecraft:wooden_pickaxe":1,"supplementaries:flax_seeds":8,"minecraft:dirt":2,"minecraft:lapis_lazuli":43,"minecraft:string":59,"minecraft:iron_axe":1,"minecraft:iron_leggings":1,"minecraft:bone":4,"minecraft:raw_gold":1,"minecraft:iron_ingot":3,"minecraft:stone_pickaxe":1,"minecraft:iron_pickaxe":3,"minecraft:chest":1,"minecraft:oak_planks":55,"minecraft:iron_sword":1,"minecraft:furnace":4,"minecraft:iron_boots":1,"minecraft:stick":3,"minecraft:raw_iron":147,"minecraft:torch":22,"minecraft:diorite":20,"minecraft:white_bed":6,"minecraft:redstone":5,"minecraft:spider_eye":1,"minecraft:rotten_flesh":4,"minecraft:iron_helmet":1,"minecraft:granite":15,"minecraft:bread":8,"supplementaries:ash":20,"minecraft:coal":106,"minecraft:cobblestone":240}},"DataVersion":3465}