{"stats":{"minecraft:used":{"minecraft:white_bed":2},"minecraft:killed_by":{"minecraft:player":1},"minecraft:mined":{"minecraft:grass":2,"minecraft:grass_block":5,"minecraft:white_bed":3,"minecraft:dirt":2},"minecraft:dropped":{"minecraft:bread":5,"minecraft:apple":3},"minecraft:custom":{"minecraft:time_since_rest":2446,"minecraft:open_chest":1,"minecraft:crouch_one_cm":359,"minecraft:play_time":5712,"minecraft:sprint_one_cm":19185,"minecraft:walk_one_cm":11452,"minecraft:damage_taken":1125,"minecraft:deaths":2,"minecraft:sneak_time":191,"minecraft:walk_under_water_one_cm":107,"minecraft:mob_kills":1,"minecraft:drop":8,"minecraft:jump":185,"minecraft:damage_dealt":36,"minecraft:leave_game":1,"minecraft:time_since_death":2419,"minecraft:walk_on_water_one_cm":887,"minecraft:sleep_in_bed":2,"minecraft:total_world_time":5712,"minecraft:interact_with_crafting_table":1,"minecraft:fall_one_cm":13533,"minecraft:fly_one_cm":41086},"minecraft:crafted":{"minecraft:stick":4,"minecraft:wooden_pickaxe":1},"minecraft:picked_up":{"minecraft:rotten_flesh":4,"minecraft:white_bed":4,"minecraft:oak_planks":22,"minecraft:dirt":1}},"DataVersion":3465}