{"stats":{"minecraft:used":{"minecraft:stone_pickaxe":130,"minecraft:shield":5,"minecraft:wooden_pickaxe":10,"minecraft:iron_sword":126,"minecraft:rotten_flesh":5,"minecraft:iron_chestplate":1,"minecraft:glow_berries":3,"minecraft:crafting_table":9,"minecraft:white_bed":6,"minecraft:tuff":2,"minecraft:granite":2,"minecraft:diamond_pickaxe":43,"minecraft:iron_axe":46,"minecraft:bread":10,"minecraft:iron_pickaxe":250,"minecraft:cobblestone":52,"minecraft:furnace":3,"minecraft:andesite":10,"minecraft:cobbled_deepslate":20,"minecraft:iron_leggings":1},"minecraft:killed_by":{"minecraft:player":1,"minecraft:cave_spider":1},"minecraft:broken":{"minecraft:iron_pickaxe":1},"minecraft:mined":{"minecraft:deepslate_redstone_ore":5,"alexscaves:spelunkery_table":1,"minecraft:oak_slab":1,"minecraft:tuff":2,"minecraft:white_bed":5,"minecraft:candle":1,"minecraft:deepslate_diamond_ore":13,"minecraft:cobbled_deepslate_stairs":1,"minecraft:amethyst_cluster":3,"minecraft:crafting_table":8,"minecraft:granite":9,"minecraft:chiseled_bookshelf":1,"minecraft:grass_block":5,"minecraft:calcite":5,"minecraft:cobblestone":10,"minecraft:deepslate_gold_ore":2,"minecraft:lapis_ore":6,"minecraft:oak_planks":33,"minecraft:diorite":10,"minecraft:amethyst_block":4,"minecraft:spawner":3,"supplementaries:urn":7,"minecraft:redstone_ore":1,"minecraft:oak_trapdoor":1,"minecraft:furnace":3,"minecraft:iron_ore":107,"minecraft:barrel":1,"minecraft:andesite":22,"minecraft:brown_bed":1,"minecraft:grass":2,"minecraft:cave_vines":3,"minecraft:coal_ore":36,"minecraft:deepslate_iron_ore":1,"minecraft:rail":2,"minecraft:dirt":2,"minecraft:cobweb":105,"minecraft:smooth_basalt":3,"minecraft:stonecutter":1,"minecraft:stone":140,"minecraft:gold_ore":1,"minecraft:deepslate":38},"minecraft:dropped":{"minecraft:bread":5,"minecraft:apple":3,"minecraft:spider_eye":1,"minecraft:iron_pickaxe":2},"minecraft:custom":{"minecraft:interact_with_furnace":20,"minecraft:mob_kills":6,"minecraft:interact_with_crafting_table":29,"minecraft:open_barrel":2,"minecraft:climb_one_cm":68,"minecraft:leave_game":1,"minecraft:time_since_death":24711,"minecraft:sleep_in_bed":6,"minecraft:time_since_rest":23663,"minecraft:sprint_one_cm":94250,"minecraft:damage_blocked_by_shield":315,"minecraft:damage_taken":1902,"minecraft:walk_one_cm":102720,"minecraft:drop":11,"minecraft:damage_dealt":833,"minecraft:fly_one_cm":63631,"minecraft:open_chest":1,"minecraft:crouch_one_cm":22867,"minecraft:play_time":58842,"minecraft:deaths":3,"minecraft:sneak_time":10552,"minecraft:walk_under_water_one_cm":107,"minecraft:jump":462,"minecraft:walk_on_water_one_cm":1482,"minecraft:total_world_time":58842,"minecraft:fall_one_cm":22194},"minecraft:killed":{"minecraft:cave_spider":3,"minecraft:skeleton":2},"minecraft:crafted":{"minecraft:smooth_stone":3,"sophisticatedbackpacks:backpack":1,"minecraft:crafting_table":2,"minecraft:wooden_pickaxe":1,"minecraft:iron_helmet":1,"minecraft:iron_sword":1,"minecraft:furnace":1,"minecraft:stone":3,"sophisticatedbackpacks:upgrade_base":1,"minecraft:air":0,"sophisticatedbackpacks:smelting_upgrade":1,"minecraft:oak_boat":1,"minecraft:white_wool":3,"minecraft:iron_boots":1,"minecraft:iron_chestplate":1,"minecraft:diamond_pickaxe":1,"minecraft:shield":1,"minecraft:iron_axe":1,"minecraft:stick":16,"minecraft:iron_ingot":43,"minecraft:iron_pickaxe":1,"minecraft:stone_pickaxe":1,"minecraft:chest":1,"minecraft:iron_leggings":1,"sophisticatedbackpacks:blasting_upgrade":1,"minecraft:white_bed":1,"sophisticatedbackpacks:iron_backpack":1},"minecraft:picked_up":{"minecraft:crafting_table":8,"minecraft:iron_chestplate":1,"minecraft:chest_minecart":1,"minecraft:andesite":34,"minecraft:leather":4,"minecraft:wooden_pickaxe":1,"minecraft:brown_bed":1,"minecraft:tuff":2,"supplementaries:flax_seeds":8,"minecraft:cobbled_deepslate_stairs":1,"minecraft:oak_trapdoor":1,"minecraft:dirt":2,"minecraft:lapis_lazuli":43,"minecraft:string":111,"minecraft:iron_axe":1,"minecraft:iron_leggings":1,"minecraft:bone":6,"minecraft:stonecutter":1,"minecraft:candle":2,"minecraft:cobbled_deepslate":38,"minecraft:raw_gold":3,"minecraft:iron_ingot":3,"minecraft:stone_pickaxe":1,"minecraft:iron_nugget":22,"minecraft:iron_pickaxe":3,"minecraft:chest":1,"minecraft:oak_planks":57,"minecraft:iron_sword":1,"minecraft:furnace":4,"minecraft:iron_boots":1,"minecraft:book":4,"minecraft:oak_slab":1,"minecraft:stick":3,"minecraft:raw_iron":147,"minecraft:smooth_basalt":3,"minecraft:torch":27,"minecraft:amethyst_shard":12,"minecraft:diorite":20,"minecraft:white_bed":6,"minecraft:redstone":27,"minecraft:barrel":1,"minecraft:spider_eye":1,"minecraft:pumpkin_seeds":8,"minecraft:arrow":1,"minecraft:rotten_flesh":6,"minecraft:diamond":13,"minecraft:iron_helmet":1,"alexscaves:spelunkery_table":1,"minecraft:granite":16,"minecraft:bread":8,"supplementaries:ash":20,"minecraft:rail":23,"minecraft:coal":106,"minecraft:cobblestone":241}},"DataVersion":3465}