{"stats":{"minecraft:used":{"minecraft:bread":2,"minecraft:iron_axe":5,"minecraft:stone_pickaxe":130,"minecraft:iron_pickaxe":98,"minecraft:wooden_pickaxe":10,"minecraft:rotten_flesh":4,"minecraft:iron_chestplate":1,"minecraft:cobblestone":27,"minecraft:crafting_table":4,"minecraft:furnace":1,"minecraft:andesite":10,"minecraft:white_bed":4,"minecraft:iron_leggings":1},"minecraft:killed_by":{"minecraft:player":1},"minecraft:mined":{"supplementaries:urn":4,"minecraft:white_bed":4,"minecraft:furnace":1,"minecraft:iron_ore":48,"minecraft:andesite":20,"minecraft:crafting_table":4,"minecraft:granite":7,"minecraft:grass":2,"minecraft:grass_block":5,"minecraft:coal_ore":24,"minecraft:dirt":2,"minecraft:cobblestone":3,"minecraft:stone":121,"minecraft:oak_planks":1,"minecraft:diorite":10},"minecraft:dropped":{"minecraft:bread":5,"minecraft:apple":3},"minecraft:custom":{"minecraft:time_since_rest":21077,"minecraft:interact_with_furnace":13,"minecraft:sprint_one_cm":24643,"minecraft:damage_taken":1207,"minecraft:walk_one_cm":31194,"minecraft:mob_kills":1,"minecraft:drop":8,"minecraft:damage_dealt":36,"minecraft:interact_with_crafting_table":11,"minecraft:fly_one_cm":44782,"minecraft:open_chest":1,"minecraft:crouch_one_cm":11349,"minecraft:play_time":29539,"minecraft:deaths":2,"minecraft:sneak_time":5758,"minecraft:walk_under_water_one_cm":107,"minecraft:jump":239,"minecraft:leave_game":1,"minecraft:walk_on_water_one_cm":887,"minecraft:time_since_death":26246,"minecraft:sleep_in_bed":4,"minecraft:total_world_time":29539,"minecraft:fall_one_cm":14624},"minecraft:crafted":{"minecraft:iron_boots":1,"minecraft:iron_chestplate":1,"minecraft:iron_axe":1,"minecraft:crafting_table":1,"minecraft:stick":8,"minecraft:iron_helmet":1,"minecraft:iron_pickaxe":1,"minecraft:iron_ingot":33,"minecraft:wooden_pickaxe":1,"minecraft:stone_pickaxe":1,"minecraft:iron_leggings":1,"minecraft:furnace":1,"minecraft:air":0},"minecraft:picked_up":{"minecraft:crafting_table":4,"minecraft:raw_iron":58,"minecraft:andesite":20,"minecraft:torch":10,"supplementaries:flax_seeds":4,"minecraft:diorite":10,"minecraft:white_bed":5,"minecraft:dirt":1,"minecraft:rotten_flesh":4,"minecraft:iron_ingot":1,"minecraft:granite":7,"supplementaries:ash":8,"minecraft:oak_planks":23,"minecraft:coal":43,"minecraft:cobblestone":124,"minecraft:furnace":1}},"DataVersion":3465}