{"stats":{"minecraft:used":{"minecraft:stone_pickaxe":128,"minecraft:wooden_pickaxe":10,"minecraft:cobblestone":6,"minecraft:crafting_table":3,"minecraft:white_bed":3},"minecraft:killed_by":{"minecraft:player":1},"minecraft:mined":{"minecraft:white_bed":4,"minecraft:iron_ore":20,"minecraft:crafting_table":3,"minecraft:grass":2,"minecraft:grass_block":5,"minecraft:coal_ore":24,"minecraft:dirt":2,"minecraft:stone":80,"minecraft:diorite":10},"minecraft:dropped":{"minecraft:bread":5,"minecraft:apple":3},"minecraft:custom":{"minecraft:time_since_rest":9077,"minecraft:sprint_one_cm":19185,"minecraft:damage_taken":1125,"minecraft:walk_one_cm":18076,"minecraft:mob_kills":1,"minecraft:drop":8,"minecraft:damage_dealt":36,"minecraft:interact_with_crafting_table":3,"minecraft:fly_one_cm":41086,"minecraft:open_chest":1,"minecraft:crouch_one_cm":6554,"minecraft:play_time":17539,"minecraft:deaths":2,"minecraft:sneak_time":3720,"minecraft:walk_under_water_one_cm":107,"minecraft:jump":194,"minecraft:leave_game":1,"minecraft:walk_on_water_one_cm":887,"minecraft:time_since_death":14246,"minecraft:sleep_in_bed":4,"minecraft:total_world_time":17539,"minecraft:fall_one_cm":13533},"minecraft:crafted":{"minecraft:crafting_table":1,"minecraft:stick":4,"minecraft:wooden_pickaxe":1,"minecraft:stone_pickaxe":1},"minecraft:picked_up":{"minecraft:crafting_table":3,"minecraft:raw_iron":20,"minecraft:diorite":10,"minecraft:white_bed":5,"minecraft:dirt":1,"minecraft:rotten_flesh":4,"minecraft:oak_planks":22,"minecraft:coal":24,"minecraft:cobblestone":80}},"DataVersion":3465}